<?xml version="1.0" encoding="UTF-8" standalone="no"?>
<extension group="fabrik_form" method="upgrade" type="plugin" version="3">
	<name>plg_fabrik_form_email</name>
	<author>Media A-Team, Inc.</author>
	<creationDate>June 2020</creationDate>
	<copyright>Copyright (C) 2005-2020 Media A-Team, Inc. - All rights reserved.</copyright>
	<license>GNU/GPL http://www.gnu.org/copyleft/gpl.html</license>
	<authorEmail>rob@pollen-8.co.uk</authorEmail>
	<authorUrl>www.fabrikar.com</authorUrl>
	<version>3.9.2</version>
	<help url="PLG_FORM_EMAIL_HELP_SERVER"/>
	<description>PLG_FORM_EMAIL_DESCRIPTION</description>
	<files>
		<filename plugin="email">email.php</filename>
		<filename>index.html</filename>
		<folder>forms</folder>
		<folder>tmpl</folder>
		<folder>language</folder>
	</files>
</extension>
