<?xml version="1.0" encoding="utf-8" standalone="no"?>
<access component="com_fabrik">
	<section name="component">
		<action description="JACTION_ADMIN_COMPONENT_DESC" name="core.admin" title="JACTION_ADMIN"/>
		<action description="JACTION_MANAGE_COMPONENT_DESC" name="core.manage" title="JACTION_MANAGE"/>
		<action description="JACTION_CREATE_COMPONENT_DESC" name="core.create" title="JACTION_CREATE"/>
		<action description="JACTION_DELETE_COMPONENT_DESC" name="core.delete" title="JACTION_DELETE"/>
		<action description="JACTION_EDIT_COMPONENT_DESC" name="core.edit" title="JACTION_EDIT"/>
		<action description="JACTION_EDITSTATE_COMPONENT_DESC" name="core.edit.state" title="JACTION_EDITSTATE"/>
		<action description="JACTION_EDITOWN_COMPONENT_DESC" name="core.edit.own" title="JACTION_EDITOWN"/>
	</section>

	<section name="list">
		<action description="COM_FABRIK_ACCESS_VIEW_DESC" name="core.view" title="COM_FABRIK_ACCESS_VIEW"/>
		<action description="COM_FABRIK_ACCESS_VIEW_DETAILS_DESC" name="core.viewdetails" title="COM_FABRIK_ACCESS_VIEW_DETAILS"/>
		<action description="COM_FABRIK_ACCESS_EDIT_DESC" name="core.edit" title="COM_FABRIK_ACCESS_EDIT"/>
		<action description="COM_FABRIK_ACCESS_ADD_DESC" name="core.add" title="COM_FABRIK_ACCESS_ADD"/>
		<action description="COM_FABRIK_ACCESS_DELETE_DESC" name="core.delete" title="COM_FABRIK_ACCESS_DELETE"/>
		<action description="COM_FABRIK_ACCESS_DROP_DESC" name="core.drop" title="COM_FABRIK_ACCESS_DROP"/>
	</section>
	
	<section name="element">
		<action description="COM_FABRIK_ACCESS_EDITABLE_ELEMENT_DESC" name="core.editable" title="COM_FABRIK_ACCESS_EDITABLE_ELEMENT"/>
		<action description="COM_FABRIK_ACCESS_VIEWABLE_ELEMENT_DESC" name="core.viewable" title="COM_FABRIK_ACCESS_VIEWABLE_ELEMENT"/>
	</section>
</access>
