<?xml version="1.0" encoding="UTF-8" standalone="no"?>
<extension group="fabrik_visualization" method="upgrade" type="plugin" version="3">
	<name>plg_fabrik_visualization_calendar</name>
	<author>Media A-Team, Inc.</author>
	<creationDate>June 2020</creationDate>
	<copyright>Copyright (C) 2005-2020 Media A-Team, Inc. - All rights reserved.</copyright>
	<license>GNU/GPL http://www.gnu.org/copyleft/gpl.html</license>
	<authorEmail>rob@pollen-8.co.uk</authorEmail>
	<authorUrl>www.fabrikar.com</authorUrl>
	<version>3.9.2</version>
	<help url="PLG_VISUALIZATION_CALENDAR_HELP_SERVER"/>
	<description>PLG_VISUALIZATION_CALENDAR_DESCRIPTION</description>
	<files>
		<filename plugin="calendar">calendar.js</filename>
		<filename>calendar.php</filename>
		<filename>calendar-min.js</filename>
		<filename>index.html</filename>
		<folder>controllers</folder>
		<folder>forms</folder>
		<folder>language</folder>
		<folder>models</folder>
		<folder>views</folder>
	</files>
</extension>
