<?xml version="1.0" encoding="UTF-8" standalone="no"?>
<extension group="system" method="upgrade" type="plugin" version="3">
	<name>System - Fabrik Scheduled Tasks</name>
	<author>Media A-Team, Inc.</author>
	<creationDate>June 2020</creationDate>
	<copyright>Copyright (C) 2005-2020 Media A-Team, Inc. - All rights reserved.</copyright>
	<license>GNU/GPL http://www.gnu.org/copyleft/gpl.html</license>
	<authorEmail>rob@pollen-8.co.uk</authorEmail>
	<authorUrl>www.pollen-8.co.uk</authorUrl>
	<version>3.9.2</version>
	<description>Runs Fabrik scheduled tasks</description>
	<files>
		<filename plugin="fabrikcron">fabrikcron.php</filename>
	</files>
	<config>
	</config>
</extension>
